[{"line":20,"elements":[{"start_timestamp":"2025-01-22T06:13:25.342Z","line":30,"name":"Testing with Data from Scenario","description":"","id":"data-driven-test-with-examples;testing-with-data-from-scenario;;2","type":"scenario","keyword":"Scenario Outline","steps":[{"result":{"duration":2377842000,"status":"passed"},"line":23,"name":"the user is on the login page","match":{"location":"stepDefinition.LoginSteps.openPage()"},"keyword":"Given "},{"result":{"duration":188033900,"status":"passed"},"line":24,"name":"the user enters \"admin\" and \"password\"","match":{"arguments":[{"val":"\"admin\"","offset":16},{"val":"\"password\"","offset":28}],"location":"stepDefinition.LoginSteps.enterCredentialsFromInputs(java.lang.String,java.lang.String)"},"keyword":"When "},{"result":{"duration":66038000,"status":"passed"},"line":25,"name":"clicks the submit button","match":{"location":"stepDefinition.LoginSteps.clickSubmit()"},"keyword":"And "},{"result":{"error_message":"org.opentest4j.AssertionFailedError: expected: <Welcome Back, admin> but was: <Welcome Back, Admin!>\r\n\tat org.junit.jupiter.api.AssertionFailureBuilder.build(AssertionFailureBuilder.java:151)\r\n\tat org.junit.jupiter.api.AssertionFailureBuilder.buildAndThrow(AssertionFailureBuilder.java:132)\r\n\tat org.junit.jupiter.api.AssertEquals.failNotEqual(AssertEquals.java:197)\r\n\tat org.junit.jupiter.api.AssertEquals.assertEquals(AssertEquals.java:182)\r\n\tat org.junit.jupiter.api.AssertEquals.assertEquals(AssertEquals.java:177)\r\n\tat org.junit.jupiter.api.Assertions.assertEquals(Assertions.java:1145)\r\n\tat stepDefinition.LoginSteps.confirmMessageAsInput(LoginSteps.java:65)\r\n\tat ✽.get the confirmation text and verify message as \"Welcome Back, admin\"(classpath:features/Activity5.feature:26)\r\n","duration":139814400,"status":"failed"},"line":26,"name":"get the confirmation text and verify message as \"Welcome Back, admin\"","match":{"arguments":[{"val":"\"Welcome Back, admin\"","offset":48}],"location":"stepDefinition.LoginSteps.confirmMessageAsInput(java.lang.String)"},"keyword":"Then "}],"tags":[{"name":"@activity5"}]}],"name":"Data driven test with Examples","description":"","id":"data-driven-test-with-examples","keyword":"Feature","uri":"classpath:features/Activity5.feature","tags":[{"name":"@activity5","type":"Tag","location":{"line":19,"column":1}}]}]